Model,Scenario,Region,Year,Residues,Energy_crops,Waste,Solid_total,Prim_eng_bio,Unit,Share_energy_crops,Source,Estimation
AIM,SSP1-19,World,2020,4234.135572,7852.513296,,,,Kt/yr,0.65,Internal document,Share = Energy crops / (Energy crops + Residues)
AIM,SSP1-19,World,2030,15763.52391,71640.94586,,,,Kt/yr,0.82,Internal document,Share = Energy crops / (Energy crops + Residues)
AIM,SSP1-19,World,2040,41754.5273,393604.1979,,,,Kt/yr,0.9,Internal document,Share = Energy crops / (Energy crops + Residues)
AIM,SSP1-19,World,2050,99479.77681,511126.4914,,,,Kt/yr,0.84,Internal document,Share = Energy crops / (Energy crops + Residues)
AIM,SSP1-19,World,2060,172940.4736,828509.2403,,,,Kt/yr,0.83,Internal document,Share = Energy crops / (Energy crops + Residues)
AIM,SSP1-19,World,2070,256954.4072,1022099.864,,,,Kt/yr,0.8,Internal document,Share = Energy crops / (Energy crops + Residues)
AIM,SSP1-19,World,2080,348260.2763,1066397.675,,,,Kt/yr,0.75,Internal document,Share = Energy crops / (Energy crops + Residues)
AIM,SSP1-19,World,2090,442725.0165,1068451.018,,,,Kt/yr,0.71,Internal document,Share = Energy crops / (Energy crops + Residues)
AIM,SSP1-19,World,2100,500871.9096,1039222.084,,,,Kt/yr,0.67,Internal document,Share = Energy crops / (Energy crops + Residues)
AIM,SSP1-26,World,2020,4234.135572,7852.513295,,,,Kt/yr,0.65,Internal document,Share = Energy crops / (Energy crops + Residues)
AIM,SSP1-26,World,2030,8702.225153,37969.17071,,,,Kt/yr,0.81,Internal document,Share = Energy crops / (Energy crops + Residues)
AIM,SSP1-26,World,2040,20934.63775,327605.6995,,,,Kt/yr,0.94,Internal document,Share = Energy crops / (Energy crops + Residues)
AIM,SSP1-26,World,2050,32355.7186,647172.1498,,,,Kt/yr,0.95,Internal document,Share = Energy crops / (Energy crops + Residues)
AIM,SSP1-26,World,2060,49260.86916,963003.4613,,,,Kt/yr,0.95,Internal document,Share = Energy crops / (Energy crops + Residues)
AIM,SSP1-26,World,2070,97834.01587,851076.0665,,,,Kt/yr,0.9,Internal document,Share = Energy crops / (Energy crops + Residues)
AIM,SSP1-26,World,2080,127908.7392,902440.1137,,,,Kt/yr,0.88,Internal document,Share = Energy crops / (Energy crops + Residues)
AIM,SSP1-26,World,2090,171463.2804,1001868.251,,,,Kt/yr,0.85,Internal document,Share = Energy crops / (Energy crops + Residues)
AIM,SSP1-26,World,2100,191347.1564,1053514.7,,,,Kt/yr,0.85,Internal document,Share = Energy crops / (Energy crops + Residues)
AIM,SSP1-34,World,2020,4215.856151,7681.960363,,,,Kt/yr,0.65,Internal document,Share = Energy crops / (Energy crops + Residues)
AIM,SSP1-34,World,2030,7048.262974,27207.8437,,,,Kt/yr,0.79,Internal document,Share = Energy crops / (Energy crops + Residues)
AIM,SSP1-34,World,2040,12418.99436,194228.9806,,,,Kt/yr,0.94,Internal document,Share = Energy crops / (Energy crops + Residues)
AIM,SSP1-34,World,2050,20029.94713,472011.0731,,,,Kt/yr,0.96,Internal document,Share = Energy crops / (Energy crops + Residues)
AIM,SSP1-34,World,2060,31314.31746,856068.744,,,,Kt/yr,0.96,Internal document,Share = Energy crops / (Energy crops + Residues)
AIM,SSP1-34,World,2070,44239.16825,1132257.969,,,,Kt/yr,0.96,Internal document,Share = Energy crops / (Energy crops + Residues)
AIM,SSP1-34,World,2080,55194.98928,1246578.887,,,,Kt/yr,0.96,Internal document,Share = Energy crops / (Energy crops + Residues)
AIM,SSP1-34,World,2090,63850.14333,1359789.465,,,,Kt/yr,0.96,Internal document,Share = Energy crops / (Energy crops + Residues)
AIM,SSP1-34,World,2100,69686.64027,1456128.454,,,,Kt/yr,0.95,Internal document,Share = Energy crops / (Energy crops + Residues)
AIM,SSP1-45,World,2020,4223.258962,7526.485256,,,,Kt/yr,0.64,Internal document,Share = Energy crops / (Energy crops + Residues)
AIM,SSP1-45,World,2030,6941.065452,19264.16699,,,,Kt/yr,0.74,Internal document,Share = Energy crops / (Energy crops + Residues)
AIM,SSP1-45,World,2040,11450.38661,62942.85071,,,,Kt/yr,0.85,Internal document,Share = Energy crops / (Energy crops + Residues)
AIM,SSP1-45,World,2050,16780.47239,244282.3384,,,,Kt/yr,0.94,Internal document,Share = Energy crops / (Energy crops + Residues)
AIM,SSP1-45,World,2060,23210.70715,524569.831,,,,Kt/yr,0.96,Internal document,Share = Energy crops / (Energy crops + Residues)
AIM,SSP1-45,World,2070,31179.33517,868653.8771,,,,Kt/yr,0.97,Internal document,Share = Energy crops / (Energy crops + Residues)
AIM,SSP1-45,World,2080,39782.883,1052687.435,,,,Kt/yr,0.96,Internal document,Share = Energy crops / (Energy crops + Residues)
AIM,SSP1-45,World,2090,48137.64487,1177739.634,,,,Kt/yr,0.96,Internal document,Share = Energy crops / (Energy crops + Residues)
AIM,SSP1-45,World,2100,56058.3855,1278637.995,,,,Kt/yr,0.96,Internal document,Share = Energy crops / (Energy crops + Residues)
AIM,SSP1-60,World,2020,4257.148099,7580.846124,,,,Kt/yr,0.64,Internal document,Share = Energy crops / (Energy crops + Residues)
AIM,SSP1-60,World,2030,6973.974218,19334.58283,,,,Kt/yr,0.73,Internal document,Share = Energy crops / (Energy crops + Residues)
AIM,SSP1-60,World,2040,11482.6493,63048.57276,,,,Kt/yr,0.85,Internal document,Share = Energy crops / (Energy crops + Residues)
AIM,SSP1-60,World,2050,17052.84016,238427.7845,,,,Kt/yr,0.93,Internal document,Share = Energy crops / (Energy crops + Residues)
AIM,SSP1-60,World,2060,23402.88505,458066.577,,,,Kt/yr,0.95,Internal document,Share = Energy crops / (Energy crops + Residues)
AIM,SSP1-60,World,2070,30253.94252,705120.7652,,,,Kt/yr,0.96,Internal document,Share = Energy crops / (Energy crops + Residues)
AIM,SSP1-60,World,2080,36793.29836,970305.3539,,,,Kt/yr,0.96,Internal document,Share = Energy crops / (Energy crops + Residues)
AIM,SSP1-60,World,2090,42487.22273,1064466.98,,,,Kt/yr,0.96,Internal document,Share = Energy crops / (Energy crops + Residues)
AIM,SSP1-60,World,2100,47807.65634,1119654.738,,,,Kt/yr,0.96,Internal document,Share = Energy crops / (Energy crops + Residues)
AIM,SSP1-Baseline,World,2020,4260.950645,7607.058258,,,,Kt/yr,0.64,Internal document,Share = Energy crops / (Energy crops + Residues)
AIM,SSP1-Baseline,World,2030,6984.758919,19819.11364,,,,Kt/yr,0.74,Internal document,Share = Energy crops / (Energy crops + Residues)
AIM,SSP1-Baseline,World,2040,11501.80434,66527.09535,,,,Kt/yr,0.85,Internal document,Share = Energy crops / (Energy crops + Residues)
AIM,SSP1-Baseline,World,2050,17087.89777,254877.8184,,,,Kt/yr,0.94,Internal document,Share = Energy crops / (Energy crops + Residues)
AIM,SSP1-Baseline,World,2060,23477.4365,486424.1692,,,,Kt/yr,0.95,Internal document,Share = Energy crops / (Energy crops + Residues)
AIM,SSP1-Baseline,World,2070,30440.38554,752825.8433,,,,Kt/yr,0.96,Internal document,Share = Energy crops / (Energy crops + Residues)
AIM,SSP1-Baseline,World,2080,37005.86499,1027858.808,,,,Kt/yr,0.97,Internal document,Share = Energy crops / (Energy crops + Residues)
AIM,SSP1-Baseline,World,2090,42682.19092,1120379.581,,,,Kt/yr,0.96,Internal document,Share = Energy crops / (Energy crops + Residues)
AIM,SSP1-Baseline,World,2100,48005.91383,1170058.853,,,,Kt/yr,0.96,Internal document,Share = Energy crops / (Energy crops + Residues)
AIM,SSP2-19,World,2020,5427.553333,10171.57803,,,,Kt/yr,0.65,Internal document,Share = Energy crops / (Energy crops + Residues)
AIM,SSP2-19,World,2030,36595.85829,218879.5916,,,,Kt/yr,0.86,Internal document,Share = Energy crops / (Energy crops + Residues)
AIM,SSP2-19,World,2040,191536.1822,1079763.813,,,,Kt/yr,0.85,Internal document,Share = Energy crops / (Energy crops + Residues)
AIM,SSP2-19,World,2050,357175.0355,1415689.672,,,,Kt/yr,0.8,Internal document,Share = Energy crops / (Energy crops + Residues)
AIM,SSP2-19,World,2060,558795.9199,2138945.731,,,,Kt/yr,0.79,Internal document,Share = Energy crops / (Energy crops + Residues)
AIM,SSP2-19,World,2070,749738.842,2654331.014,,,,Kt/yr,0.78,Internal document,Share = Energy crops / (Energy crops + Residues)
AIM,SSP2-19,World,2080,920118.6679,2963949.572,,,,Kt/yr,0.76,Internal document,Share = Energy crops / (Energy crops + Residues)
AIM,SSP2-19,World,2090,1040955.262,3272388.794,,,,Kt/yr,0.76,Internal document,Share = Energy crops / (Energy crops + Residues)
AIM,SSP2-19,World,2100,1101668.132,3582212.063,,,,Kt/yr,0.76,Internal document,Share = Energy crops / (Energy crops + Residues)
AIM,SSP2-26,World,2020,5260.977955,9803.267208,,,,Kt/yr,0.65,Internal document,Share = Energy crops / (Energy crops + Residues)
AIM,SSP2-26,World,2030,14927.52231,76379.66478,,,,Kt/yr,0.84,Internal document,Share = Energy crops / (Energy crops + Residues)
AIM,SSP2-26,World,2040,51317.29167,783062.5992,,,,Kt/yr,0.94,Internal document,Share = Energy crops / (Energy crops + Residues)
AIM,SSP2-26,World,2050,128483.7692,1121206.679,,,,Kt/yr,0.9,Internal document,Share = Energy crops / (Energy crops + Residues)
AIM,SSP2-26,World,2060,245075.9299,1522098.54,,,,Kt/yr,0.86,Internal document,Share = Energy crops / (Energy crops + Residues)
AIM,SSP2-26,World,2070,446064.2385,1993338.885,,,,Kt/yr,0.82,Internal document,Share = Energy crops / (Energy crops + Residues)
AIM,SSP2-26,World,2080,607021.8848,2255091.039,,,,Kt/yr,0.79,Internal document,Share = Energy crops / (Energy crops + Residues)
AIM,SSP2-26,World,2090,724590.9551,2500452.863,,,,Kt/yr,0.78,Internal document,Share = Energy crops / (Energy crops + Residues)
AIM,SSP2-26,World,2100,810272.0311,2725630.251,,,,Kt/yr,0.77,Internal document,Share = Energy crops / (Energy crops + Residues)
AIM,SSP2-34,World,2020,5136.293526,9538.252155,,,,Kt/yr,0.65,Internal document,Share = Energy crops / (Energy crops + Residues)
AIM,SSP2-34,World,2030,11081.35717,53043.76568,,,,Kt/yr,0.83,Internal document,Share = Energy crops / (Energy crops + Residues)
AIM,SSP2-34,World,2040,25403.07083,523656.7721,,,,Kt/yr,0.95,Internal document,Share = Energy crops / (Energy crops + Residues)
AIM,SSP2-34,World,2050,50496.44798,1149312.861,,,,Kt/yr,0.96,Internal document,Share = Energy crops / (Energy crops + Residues)
AIM,SSP2-34,World,2060,90711.54761,1840520.657,,,,Kt/yr,0.95,Internal document,Share = Energy crops / (Energy crops + Residues)
AIM,SSP2-34,World,2070,148556.7975,2244944.99,,,,Kt/yr,0.94,Internal document,Share = Energy crops / (Energy crops + Residues)
AIM,SSP2-34,World,2080,225334.2241,2200063.768,,,,Kt/yr,0.91,Internal document,Share = Energy crops / (Energy crops + Residues)
AIM,SSP2-34,World,2090,298769.8545,2216029.944,,,,Kt/yr,0.88,Internal document,Share = Energy crops / (Energy crops + Residues)
AIM,SSP2-34,World,2100,365696.6719,2420376.809,,,,Kt/yr,0.87,Internal document,Share = Energy crops / (Energy crops + Residues)
AIM,SSP2-45,World,2020,5055.330486,9359.688716,,,,Kt/yr,0.65,Internal document,Share = Energy crops / (Energy crops + Residues)
AIM,SSP2-45,World,2030,9604.461913,42811.14675,,,,Kt/yr,0.82,Internal document,Share = Energy crops / (Energy crops + Residues)
AIM,SSP2-45,World,2040,18846.31446,376005.5889,,,,Kt/yr,0.95,Internal document,Share = Energy crops / (Energy crops + Residues)
AIM,SSP2-45,World,2050,36226.8125,906884.2264,,,,Kt/yr,0.96,Internal document,Share = Energy crops / (Energy crops + Residues)
AIM,SSP2-45,World,2060,67907.1881,1579852.231,,,,Kt/yr,0.96,Internal document,Share = Energy crops / (Energy crops + Residues)
AIM,SSP2-45,World,2070,112125.1764,2108193.711,,,,Kt/yr,0.95,Internal document,Share = Energy crops / (Energy crops + Residues)
AIM,SSP2-45,World,2080,160342.919,2412206.27,,,,Kt/yr,0.94,Internal document,Share = Energy crops / (Energy crops + Residues)
AIM,SSP2-45,World,2090,203850.7984,2799684.021,,,,Kt/yr,0.93,Internal document,Share = Energy crops / (Energy crops + Residues)
AIM,SSP2-45,World,2100,243614.8966,3199349.495,,,,Kt/yr,0.93,Internal document,Share = Energy crops / (Energy crops + Residues)
AIM,SSP2-60,World,2020,5026.458091,9131.908288,,,,Kt/yr,0.64,Internal document,Share = Energy crops / (Energy crops + Residues)
AIM,SSP2-60,World,2030,9471.901672,39118.4631,,,,Kt/yr,0.81,Internal document,Share = Energy crops / (Energy crops + Residues)
AIM,SSP2-60,World,2040,18436.53766,342439.6352,,,,Kt/yr,0.95,Internal document,Share = Energy crops / (Energy crops + Residues)
AIM,SSP2-60,World,2050,33853.90709,826885.3467,,,,Kt/yr,0.96,Internal document,Share = Energy crops / (Energy crops + Residues)
AIM,SSP2-60,World,2060,55770.75046,1363834.537,,,,Kt/yr,0.96,Internal document,Share = Energy crops / (Energy crops + Residues)
AIM,SSP2-60,World,2070,83085.81725,1779448.734,,,,Kt/yr,0.96,Internal document,Share = Energy crops / (Energy crops + Residues)
AIM,SSP2-60,World,2080,115117.6586,2061037.643,,,,Kt/yr,0.95,Internal document,Share = Energy crops / (Energy crops + Residues)
AIM,SSP2-60,World,2090,145600.9691,2348290.684,,,,Kt/yr,0.94,Internal document,Share = Energy crops / (Energy crops + Residues)
AIM,SSP2-60,World,2100,170789.0357,2636823.085,,,,Kt/yr,0.94,Internal document,Share = Energy crops / (Energy crops + Residues)
AIM,SSP2-Baseline,World,2020,5060.485711,8710.680866,,,,Kt/yr,0.63,Internal document,Share = Energy crops / (Energy crops + Residues)
AIM,SSP2-Baseline,World,2030,9537.614439,22089.09712,,,,Kt/yr,0.7,Internal document,Share = Energy crops / (Energy crops + Residues)
AIM,SSP2-Baseline,World,2040,18128.36012,57171.22782,,,,Kt/yr,0.76,Internal document,Share = Energy crops / (Energy crops + Residues)
AIM,SSP2-Baseline,World,2050,31541.82772,150979.2916,,,,Kt/yr,0.83,Internal document,Share = Energy crops / (Energy crops + Residues)
AIM,SSP2-Baseline,World,2060,50295.13915,279833.624,,,,Kt/yr,0.85,Internal document,Share = Energy crops / (Energy crops + Residues)
AIM,SSP2-Baseline,World,2070,73911.5568,447158.925,,,,Kt/yr,0.86,Internal document,Share = Energy crops / (Energy crops + Residues)
AIM,SSP2-Baseline,World,2080,102659.3887,623282.2224,,,,Kt/yr,0.86,Internal document,Share = Energy crops / (Energy crops + Residues)
AIM,SSP2-Baseline,World,2090,130531.1933,720748.4196,,,,Kt/yr,0.85,Internal document,Share = Energy crops / (Energy crops + Residues)
AIM,SSP2-Baseline,World,2100,157177.6123,834084.0253,,,,Kt/yr,0.84,Internal document,Share = Energy crops / (Energy crops + Residues)
AIM,SSP3-26,World,2020,6636.647128,11153.07733,,,,Kt/yr,0.63,Internal document,Share = Energy crops / (Energy crops + Residues)
AIM,SSP3-26,World,2030,22805.10006,88689.21849,,,,Kt/yr,0.8,Internal document,Share = Energy crops / (Energy crops + Residues)
AIM,SSP3-26,World,2040,105126.2391,755145.0025,,,,Kt/yr,0.88,Internal document,Share = Energy crops / (Energy crops + Residues)
AIM,SSP3-26,World,2050,273965.799,1332593.271,,,,Kt/yr,0.83,Internal document,Share = Energy crops / (Energy crops + Residues)
AIM,SSP3-26,World,2060,503911.9102,2079500.621,,,,Kt/yr,0.8,Internal document,Share = Energy crops / (Energy crops + Residues)
AIM,SSP3-26,World,2070,805350.159,2580906.855,,,,Kt/yr,0.76,Internal document,Share = Energy crops / (Energy crops + Residues)
AIM,SSP3-26,World,2080,1078019.741,2830656.569,,,,Kt/yr,0.72,Internal document,Share = Energy crops / (Energy crops + Residues)
AIM,SSP3-26,World,2090,1279993.27,3011725.913,,,,Kt/yr,0.7,Internal document,Share = Energy crops / (Energy crops + Residues)
AIM,SSP3-26,World,2100,1424989.51,3151244.737,,,,Kt/yr,0.69,Internal document,Share = Energy crops / (Energy crops + Residues)
AIM,SSP3-34,World,2020,6232.932897,10413.35024,,,,Kt/yr,0.63,Internal document,Share = Energy crops / (Energy crops + Residues)
AIM,SSP3-34,World,2030,15836.17879,56301.73605,,,,Kt/yr,0.78,Internal document,Share = Energy crops / (Energy crops + Residues)
AIM,SSP3-34,World,2040,39226.81972,456207.2191,,,,Kt/yr,0.92,Internal document,Share = Energy crops / (Energy crops + Residues)
AIM,SSP3-34,World,2050,88759.94045,1094488.996,,,,Kt/yr,0.92,Internal document,Share = Energy crops / (Energy crops + Residues)
AIM,SSP3-34,World,2060,185543.9864,1597705.084,,,,Kt/yr,0.9,Internal document,Share = Energy crops / (Energy crops + Residues)
AIM,SSP3-34,World,2070,343871.8225,1975212.28,,,,Kt/yr,0.85,Internal document,Share = Energy crops / (Energy crops + Residues)
AIM,SSP3-34,World,2080,591802.6898,2361254.895,,,,Kt/yr,0.8,Internal document,Share = Energy crops / (Energy crops + Residues)
AIM,SSP3-34,World,2090,829155.8598,2713834.159,,,,Kt/yr,0.77,Internal document,Share = Energy crops / (Energy crops + Residues)
AIM,SSP3-34,World,2100,1069435.74,3022724.653,,,,Kt/yr,0.74,Internal document,Share = Energy crops / (Energy crops + Residues)
AIM,SSP3-45,World,2020,5911.771116,9823.401979,,,,Kt/yr,0.62,Internal document,Share = Energy crops / (Energy crops + Residues)
AIM,SSP3-45,World,2030,13024.9332,42173.35111,,,,Kt/yr,0.76,Internal document,Share = Energy crops / (Energy crops + Residues)
AIM,SSP3-45,World,2040,28482.5553,311483.0436,,,,Kt/yr,0.92,Internal document,Share = Energy crops / (Energy crops + Residues)
AIM,SSP3-45,World,2050,64530.49332,833368.0198,,,,Kt/yr,0.93,Internal document,Share = Energy crops / (Energy crops + Residues)
AIM,SSP3-45,World,2060,131763.0122,1467879.362,,,,Kt/yr,0.92,Internal document,Share = Energy crops / (Energy crops + Residues)
AIM,SSP3-45,World,2070,208911.8509,1875144.767,,,,Kt/yr,0.9,Internal document,Share = Energy crops / (Energy crops + Residues)
AIM,SSP3-45,World,2080,300811.0886,2303348.612,,,,Kt/yr,0.88,Internal document,Share = Energy crops / (Energy crops + Residues)
AIM,SSP3-45,World,2090,441218.4777,2327529.876,,,,Kt/yr,0.84,Internal document,Share = Energy crops / (Energy crops + Residues)
AIM,SSP3-45,World,2100,681352.5508,2681070.481,,,,Kt/yr,0.8,Internal document,Share = Energy crops / (Energy crops + Residues)
AIM,SSP3-60,World,2020,5717.823381,9462.702482,,,,Kt/yr,0.62,Internal document,Share = Energy crops / (Energy crops + Residues)
AIM,SSP3-60,World,2030,12472.49259,39379.23257,,,,Kt/yr,0.76,Internal document,Share = Energy crops / (Energy crops + Residues)
AIM,SSP3-60,World,2040,26825.35266,282099.2875,,,,Kt/yr,0.91,Internal document,Share = Energy crops / (Energy crops + Residues)
AIM,SSP3-60,World,2050,55261.25963,695703.2056,,,,Kt/yr,0.93,Internal document,Share = Energy crops / (Energy crops + Residues)
AIM,SSP3-60,World,2060,102130.61,1180328.427,,,,Kt/yr,0.92,Internal document,Share = Energy crops / (Energy crops + Residues)
AIM,SSP3-60,World,2070,166820.8242,1543427.859,,,,Kt/yr,0.9,Internal document,Share = Energy crops / (Energy crops + Residues)
AIM,SSP3-60,World,2080,223365.5246,1846821.496,,,,Kt/yr,0.89,Internal document,Share = Energy crops / (Energy crops + Residues)
AIM,SSP3-60,World,2090,289013.8697,2156425.013,,,,Kt/yr,0.88,Internal document,Share = Energy crops / (Energy crops + Residues)
AIM,SSP3-60,World,2100,380685.6598,2511491.117,,,,Kt/yr,0.87,Internal document,Share = Energy crops / (Energy crops + Residues)
AIM,SSP3-Baseline,World,2020,5634.527604,8717.499771,,,,Kt/yr,0.61,Internal document,Share = Energy crops / (Energy crops + Residues)
AIM,SSP3-Baseline,World,2030,12321.02179,22828.41443,,,,Kt/yr,0.65,Internal document,Share = Energy crops / (Energy crops + Residues)
AIM,SSP3-Baseline,World,2040,26150.7244,56473.27937,,,,Kt/yr,0.68,Internal document,Share = Energy crops / (Energy crops + Residues)
AIM,SSP3-Baseline,World,2050,50691.43625,132434.3662,,,,Kt/yr,0.72,Internal document,Share = Energy crops / (Energy crops + Residues)
AIM,SSP3-Baseline,World,2060,88154.28109,233349.9051,,,,Kt/yr,0.73,Internal document,Share = Energy crops / (Energy crops + Residues)
AIM,SSP3-Baseline,World,2070,142040.5743,363116.1875,,,,Kt/yr,0.72,Internal document,Share = Energy crops / (Energy crops + Residues)
AIM,SSP3-Baseline,World,2080,184327.365,496629.5578,,,,Kt/yr,0.73,Internal document,Share = Energy crops / (Energy crops + Residues)
AIM,SSP3-Baseline,World,2090,227577.2206,603703.5709,,,,Kt/yr,0.73,Internal document,Share = Energy crops / (Energy crops + Residues)
AIM,SSP3-Baseline,World,2100,288699.8751,738667.3766,,,,Kt/yr,0.72,Internal document,Share = Energy crops / (Energy crops + Residues)
GLOBIOM,SSP1-19,World,2020,,15.81657011,,45.52565995,,EJ/yr,0.35,Internal document,Share = (Energy crops / Solid total bioenergy)
GLOBIOM,SSP1-19,World,2030,,28.40357011,,42.36999412,,EJ/yr,0.67,Internal document,Share = (Energy crops / Solid total bioenergy)
GLOBIOM,SSP1-19,World,2040,,45.20818695,,51.96854652,,EJ/yr,0.87,Internal document,Share = (Energy crops / Solid total bioenergy)
GLOBIOM,SSP1-19,World,2050,,67.21891446,,82.06622654,,EJ/yr,0.82,Internal document,Share = (Energy crops / Solid total bioenergy)
GLOBIOM,SSP1-19,World,2060,,91.88306704,,119.4792347,,EJ/yr,0.77,Internal document,Share = (Energy crops / Solid total bioenergy)
GLOBIOM,SSP1-19,World,2070,,112.2555642,,150.3655642,,EJ/yr,0.75,Internal document,Share = (Energy crops / Solid total bioenergy)
GLOBIOM,SSP1-19,World,2080,,129.0248103,,175.3328103,,EJ/yr,0.74,Internal document,Share = (Energy crops / Solid total bioenergy)
GLOBIOM,SSP1-19,World,2090,,142.4224432,,196.0414432,,EJ/yr,0.73,Internal document,Share = (Energy crops / Solid total bioenergy)
GLOBIOM,SSP1-19,World,2100,,153.9407291,,214.5657291,,EJ/yr,0.72,Internal document,Share = (Energy crops / Solid total bioenergy)
GLOBIOM,SSP1-26,World,2020,,18.52957011,,48.08105979,,EJ/yr,0.39,Internal document,Share = (Energy crops / Solid total bioenergy)
GLOBIOM,SSP1-26,World,2030,,26.72557011,,40.71597678,,EJ/yr,0.66,Internal document,Share = (Energy crops / Solid total bioenergy)
GLOBIOM,SSP1-26,World,2040,,37.66218695,,43.02303992,,EJ/yr,0.88,Internal document,Share = (Energy crops / Solid total bioenergy)
GLOBIOM,SSP1-26,World,2050,,49.98818695,,55.25240757,,EJ/yr,0.9,Internal document,Share = (Energy crops / Solid total bioenergy)
GLOBIOM,SSP1-26,World,2060,,67.55347338,,73.92299502,,EJ/yr,0.91,Internal document,Share = (Energy crops / Solid total bioenergy)
GLOBIOM,SSP1-26,World,2070,,88.95147338,,102.3566391,,EJ/yr,0.87,Internal document,Share = (Energy crops / Solid total bioenergy)
GLOBIOM,SSP1-26,World,2080,,110.1801612,,132.5742843,,EJ/yr,0.83,Internal document,Share = (Energy crops / Solid total bioenergy)
GLOBIOM,SSP1-26,World,2090,,127.398067,,159.3125374,,EJ/yr,0.8,Internal document,Share = (Energy crops / Solid total bioenergy)
GLOBIOM,SSP1-26,World,2100,,140.955321,,181.756321,,EJ/yr,0.78,Internal document,Share = (Energy crops / Solid total bioenergy)
GLOBIOM,SSP1-34,World,2020,,15.85057011,,45.55865995,,EJ/yr,0.35,Internal document,Share = (Energy crops / Solid total bioenergy)
GLOBIOM,SSP1-34,World,2030,,21.51857011,,35.51299412,,EJ/yr,0.61,Internal document,Share = (Energy crops / Solid total bioenergy)
GLOBIOM,SSP1-34,World,2040,,28.18257011,,33.53623451,,EJ/yr,0.84,Internal document,Share = (Energy crops / Solid total bioenergy)
GLOBIOM,SSP1-34,World,2050,,37.53318695,,42.80320674,,EJ/yr,0.88,Internal document,Share = (Energy crops / Solid total bioenergy)
GLOBIOM,SSP1-34,World,2060,,49.81991446,,55.2164473,,EJ/yr,0.9,Internal document,Share = (Energy crops / Solid total bioenergy)
GLOBIOM,SSP1-34,World,2070,,66.87491446,,72.90721378,,EJ/yr,0.92,Internal document,Share = (Energy crops / Solid total bioenergy)
GLOBIOM,SSP1-34,World,2080,,84.73291446,,91.801358,,EJ/yr,0.92,Internal document,Share = (Energy crops / Solid total bioenergy)
GLOBIOM,SSP1-34,World,2090,,103.8309145,,115.392953,,EJ/yr,0.9,Internal document,Share = (Energy crops / Solid total bioenergy)
GLOBIOM,SSP1-34,World,2100,,120.4376625,,137.6035944,,EJ/yr,0.88,Internal document,Share = (Energy crops / Solid total bioenergy)
GLOBIOM,SSP1-45,World,2020,,15.84957011,,45.58565995,,EJ/yr,0.35,Internal document,Share = (Energy crops / Solid total bioenergy)
GLOBIOM,SSP1-45,World,2030,,19.34157011,,33.66277903,,EJ/yr,0.57,Internal document,Share = (Energy crops / Solid total bioenergy)
GLOBIOM,SSP1-45,World,2040,,26.26357011,,31.91914042,,EJ/yr,0.82,Internal document,Share = (Energy crops / Solid total bioenergy)
GLOBIOM,SSP1-45,World,2050,,33.21218695,,38.57582969,,EJ/yr,0.86,Internal document,Share = (Energy crops / Solid total bioenergy)
GLOBIOM,SSP1-45,World,2060,,40.06190792,,45.46793841,,EJ/yr,0.88,Internal document,Share = (Energy crops / Solid total bioenergy)
GLOBIOM,SSP1-45,World,2070,,50.28101276,,55.78296779,,EJ/yr,0.9,Internal document,Share = (Energy crops / Solid total bioenergy)
GLOBIOM,SSP1-45,World,2080,,62.67301276,,68.23472631,,EJ/yr,0.92,Internal document,Share = (Energy crops / Solid total bioenergy)
GLOBIOM,SSP1-45,World,2090,,77.85720373,,84.02028397,,EJ/yr,0.93,Internal document,Share = (Energy crops / Solid total bioenergy)
GLOBIOM,SSP1-45,World,2100,,90.77750992,,97.44006935,,EJ/yr,0.93,Internal document,Share = (Energy crops / Solid total bioenergy)
GLOBIOM,SSP1-60,World,2020,,15.84957011,,45.58565995,,EJ/yr,0.35,Internal document,Share = (Energy crops / Solid total bioenergy)
GLOBIOM,SSP1-60,World,2030,,19.34157011,,33.6617792,,EJ/yr,0.57,Internal document,Share = (Energy crops / Solid total bioenergy)
GLOBIOM,SSP1-60,World,2040,,23.75657011,,29.41799071,,EJ/yr,0.81,Internal document,Share = (Energy crops / Solid total bioenergy)
GLOBIOM,SSP1-60,World,2050,,31.26018149,,36.66672702,,EJ/yr,0.85,Internal document,Share = (Energy crops / Solid total bioenergy)
GLOBIOM,SSP1-60,World,2060,,38.17291446,,43.56565725,,EJ/yr,0.88,Internal document,Share = (Energy crops / Solid total bioenergy)
GLOBIOM,SSP1-60,World,2070,,45.32501276,,50.77761602,,EJ/yr,0.89,Internal document,Share = (Energy crops / Solid total bioenergy)
GLOBIOM,SSP1-60,World,2080,,51.75801276,,57.29393784,,EJ/yr,0.9,Internal document,Share = (Energy crops / Solid total bioenergy)
GLOBIOM,SSP1-60,World,2090,,57.46201276,,63.10666989,,EJ/yr,0.91,Internal document,Share = (Energy crops / Solid total bioenergy)
GLOBIOM,SSP1-60,World,2100,,62.58750992,,68.21280699,,EJ/yr,0.92,Internal document,Share = (Energy crops / Solid total bioenergy)
GLOBIOM,SSP1-Baseline,World,2020,,15.81757011,,45.58173555,,EJ/yr,0.35,Internal document,Share = (Energy crops / Solid total bioenergy)
GLOBIOM,SSP1-Baseline,World,2030,,19.30257011,,33.64403266,,EJ/yr,0.57,Internal document,Share = (Energy crops / Solid total bioenergy)
GLOBIOM,SSP1-Baseline,World,2040,,23.58657011,,29.25300864,,EJ/yr,0.81,Internal document,Share = (Energy crops / Solid total bioenergy)
GLOBIOM,SSP1-Baseline,World,2050,,31.12718149,,36.53270445,,EJ/yr,0.85,Internal document,Share = (Energy crops / Solid total bioenergy)
GLOBIOM,SSP1-Baseline,World,2060,,38.07591446,,43.46910895,,EJ/yr,0.88,Internal document,Share = (Energy crops / Solid total bioenergy)
GLOBIOM,SSP1-Baseline,World,2070,,44.59201276,,50.04293849,,EJ/yr,0.89,Internal document,Share = (Energy crops / Solid total bioenergy)
GLOBIOM,SSP1-Baseline,World,2080,,51.26501276,,56.80235895,,EJ/yr,0.9,Internal document,Share = (Energy crops / Solid total bioenergy)
GLOBIOM,SSP1-Baseline,World,2090,,57.14001276,,62.78379899,,EJ/yr,0.91,Internal document,Share = (Energy crops / Solid total bioenergy)
GLOBIOM,SSP1-Baseline,World,2100,,62.37850992,,68.00396496,,EJ/yr,0.92,Internal document,Share = (Energy crops / Solid total bioenergy)
GLOBIOM,SSP2-19,World,2020,,14.07902182,,44.13792121,,EJ/yr,0.32,Internal document,Share = (Energy crops / Solid total bioenergy)
GLOBIOM,SSP2-19,World,2030,,26.94757011,,55.16289484,,EJ/yr,0.49,Internal document,Share = (Energy crops / Solid total bioenergy)
GLOBIOM,SSP2-19,World,2040,,42.51257011,,69.77257129,,EJ/yr,0.61,Internal document,Share = (Energy crops / Solid total bioenergy)
GLOBIOM,SSP2-19,World,2050,,66.25272346,,99.32212253,,EJ/yr,0.67,Internal document,Share = (Energy crops / Solid total bioenergy)
GLOBIOM,SSP2-19,World,2060,,93.32975368,,138.1322831,,EJ/yr,0.68,Internal document,Share = (Energy crops / Solid total bioenergy)
GLOBIOM,SSP2-19,World,2070,,117.1237296,,167.7742236,,EJ/yr,0.7,Internal document,Share = (Energy crops / Solid total bioenergy)
GLOBIOM,SSP2-19,World,2080,,135.6926066,,188.3036066,,EJ/yr,0.72,Internal document,Share = (Energy crops / Solid total bioenergy)
GLOBIOM,SSP2-19,World,2090,,148.7938033,,205.8018033,,EJ/yr,0.72,Internal document,Share = (Energy crops / Solid total bioenergy)
GLOBIOM,SSP2-19,World,2100,,158.4297291,,220.4067291,,EJ/yr,0.72,Internal document,Share = (Energy crops / Solid total bioenergy)
GLOBIOM,SSP2-26,World,2020,,15.40302182,,45.20883278,,EJ/yr,0.34,Internal document,Share = (Energy crops / Solid total bioenergy)
GLOBIOM,SSP2-26,World,2030,,23.79857011,,51.47823997,,EJ/yr,0.46,Internal document,Share = (Energy crops / Solid total bioenergy)
GLOBIOM,SSP2-26,World,2040,,33.68357011,,59.71157135,,EJ/yr,0.56,Internal document,Share = (Energy crops / Solid total bioenergy)
GLOBIOM,SSP2-26,World,2050,,46.10857011,,71.76696169,,EJ/yr,0.64,Internal document,Share = (Energy crops / Solid total bioenergy)
GLOBIOM,SSP2-26,World,2060,,63.56957558,,92.82447132,,EJ/yr,0.68,Internal document,Share = (Energy crops / Solid total bioenergy)
GLOBIOM,SSP2-26,World,2070,,88.51879874,,121.6918991,,EJ/yr,0.73,Internal document,Share = (Energy crops / Solid total bioenergy)
GLOBIOM,SSP2-26,World,2080,,114.822067,,150.748067,,EJ/yr,0.76,Internal document,Share = (Energy crops / Solid total bioenergy)
GLOBIOM,SSP2-26,World,2090,,135.2262508,,177.7272508,,EJ/yr,0.76,Internal document,Share = (Energy crops / Solid total bioenergy)
GLOBIOM,SSP2-26,World,2100,,149.7567296,,201.0027296,,EJ/yr,0.75,Internal document,Share = (Energy crops / Solid total bioenergy)
GLOBIOM,SSP2-34,World,2020,,14.07902182,,43.97683278,,EJ/yr,0.32,Internal document,Share = (Energy crops / Solid total bioenergy)
GLOBIOM,SSP2-34,World,2030,,17.41257011,,45.08061517,,EJ/yr,0.39,Internal document,Share = (Energy crops / Solid total bioenergy)
GLOBIOM,SSP2-34,World,2040,,24.11757011,,50.13269322,,EJ/yr,0.48,Internal document,Share = (Energy crops / Solid total bioenergy)
GLOBIOM,SSP2-34,World,2050,,35.17457011,,60.56882148,,EJ/yr,0.58,Internal document,Share = (Energy crops / Solid total bioenergy)
GLOBIOM,SSP2-34,World,2060,,49.22557011,,77.04491738,,EJ/yr,0.64,Internal document,Share = (Energy crops / Solid total bioenergy)
GLOBIOM,SSP2-34,World,2070,,66.21457558,,90.32855163,,EJ/yr,0.73,Internal document,Share = (Energy crops / Solid total bioenergy)
GLOBIOM,SSP2-34,World,2080,,89.13618695,,107.5079976,,EJ/yr,0.83,Internal document,Share = (Energy crops / Solid total bioenergy)
GLOBIOM,SSP2-34,World,2090,,111.209067,,133.2714353,,EJ/yr,0.83,Internal document,Share = (Energy crops / Solid total bioenergy)
GLOBIOM,SSP2-34,World,2100,,128.974067,,161.838067,,EJ/yr,0.8,Internal document,Share = (Energy crops / Solid total bioenergy)
GLOBIOM,SSP2-45,World,2020,,14.07902182,,44.30992121,,EJ/yr,0.32,Internal document,Share = (Energy crops / Solid total bioenergy)
GLOBIOM,SSP2-45,World,2030,,15.87857011,,43.5856277,,EJ/yr,0.36,Internal document,Share = (Energy crops / Solid total bioenergy)
GLOBIOM,SSP2-45,World,2040,,19.57257011,,45.57605981,,EJ/yr,0.43,Internal document,Share = (Energy crops / Solid total bioenergy)
GLOBIOM,SSP2-45,World,2050,,25.63857011,,51.00913636,,EJ/yr,0.5,Internal document,Share = (Energy crops / Solid total bioenergy)
GLOBIOM,SSP2-45,World,2060,,34.77057011,,62.57403564,,EJ/yr,0.56,Internal document,Share = (Energy crops / Solid total bioenergy)
GLOBIOM,SSP2-45,World,2070,,49.64918695,,73.11336742,,EJ/yr,0.68,Internal document,Share = (Energy crops / Solid total bioenergy)
GLOBIOM,SSP2-45,World,2080,,68.94718695,,82.22223777,,EJ/yr,0.84,Internal document,Share = (Energy crops / Solid total bioenergy)
GLOBIOM,SSP2-45,World,2090,,87.53590183,,93.94068956,,EJ/yr,0.93,Internal document,Share = (Energy crops / Solid total bioenergy)
GLOBIOM,SSP2-45,World,2100,,102.2258114,,109.8479882,,EJ/yr,0.93,Internal document,Share = (Energy crops / Solid total bioenergy)
GLOBIOM,SSP2-60,World,2020,,14.07902182,,44.46692121,,EJ/yr,0.32,Internal document,Share = (Energy crops / Solid total bioenergy)
GLOBIOM,SSP2-60,World,2030,,15.43557011,,43.15324226,,EJ/yr,0.36,Internal document,Share = (Energy crops / Solid total bioenergy)
GLOBIOM,SSP2-60,World,2040,,16.28357011,,42.28409003,,EJ/yr,0.39,Internal document,Share = (Energy crops / Solid total bioenergy)
GLOBIOM,SSP2-60,World,2050,,18.56757011,,43.85902309,,EJ/yr,0.42,Internal document,Share = (Energy crops / Solid total bioenergy)
GLOBIOM,SSP2-60,World,2060,,26.85757011,,54.59174047,,EJ/yr,0.49,Internal document,Share = (Energy crops / Solid total bioenergy)
GLOBIOM,SSP2-60,World,2070,,35.21257558,,58.60377517,,EJ/yr,0.6,Internal document,Share = (Energy crops / Solid total bioenergy)
GLOBIOM,SSP2-60,World,2080,,43.17718695,,56.36401522,,EJ/yr,0.77,Internal document,Share = (Energy crops / Solid total bioenergy)
GLOBIOM,SSP2-60,World,2090,,50.35818695,,56.06517831,,EJ/yr,0.9,Internal document,Share = (Energy crops / Solid total bioenergy)
GLOBIOM,SSP2-60,World,2100,,58.128064,,63.90937226,,EJ/yr,0.91,Internal document,Share = (Energy crops / Solid total bioenergy)
GLOBIOM,SSP2-Baseline,World,2020,,14.07902182,,44.50692121,,EJ/yr,0.32,Internal document,Share = (Energy crops / Solid total bioenergy)
GLOBIOM,SSP2-Baseline,World,2030,,15.43557011,,43.17221836,,EJ/yr,0.36,Internal document,Share = (Energy crops / Solid total bioenergy)
GLOBIOM,SSP2-Baseline,World,2040,,16.28357011,,42.28706175,,EJ/yr,0.39,Internal document,Share = (Energy crops / Solid total bioenergy)
GLOBIOM,SSP2-Baseline,World,2050,,18.67457011,,43.96427767,,EJ/yr,0.42,Internal document,Share = (Energy crops / Solid total bioenergy)
GLOBIOM,SSP2-Baseline,World,2060,,25.67757011,,53.33822521,,EJ/yr,0.48,Internal document,Share = (Energy crops / Solid total bioenergy)
GLOBIOM,SSP2-Baseline,World,2070,,34.41757011,,57.69856332,,EJ/yr,0.6,Internal document,Share = (Energy crops / Solid total bioenergy)
GLOBIOM,SSP2-Baseline,World,2080,,41.79418695,,55.0669245,,EJ/yr,0.76,Internal document,Share = (Energy crops / Solid total bioenergy)
GLOBIOM,SSP2-Baseline,World,2090,,48.18918695,,53.91665175,,EJ/yr,0.89,Internal document,Share = (Energy crops / Solid total bioenergy)
GLOBIOM,SSP2-Baseline,World,2100,,53.70418697,,59.47557093,,EJ/yr,0.9,Internal document,Share = (Energy crops / Solid total bioenergy)
GLOBIOM,SSP3-34,World,2020,,21.62065033,,61.24188893,,EJ/yr,0.35,Internal document,Share = (Energy crops / Solid total bioenergy)
GLOBIOM,SSP3-34,World,2030,,33.93357011,,75.39225512,,EJ/yr,0.45,Internal document,Share = (Energy crops / Solid total bioenergy)
GLOBIOM,SSP3-34,World,2040,,49.39357011,,95.05388841,,EJ/yr,0.52,Internal document,Share = (Energy crops / Solid total bioenergy)
GLOBIOM,SSP3-34,World,2050,,70.58957011,,123.9001953,,EJ/yr,0.57,Internal document,Share = (Energy crops / Solid total bioenergy)
GLOBIOM,SSP3-34,World,2060,,98.41957011,,166.9415769,,EJ/yr,0.59,Internal document,Share = (Energy crops / Solid total bioenergy)
GLOBIOM,SSP3-34,World,2070,,120.9276396,,206.3224432,,EJ/yr,0.59,Internal document,Share = (Energy crops / Solid total bioenergy)
GLOBIOM,SSP3-34,World,2080,,138.8095167,,236.9329077,,EJ/yr,0.59,Internal document,Share = (Energy crops / Solid total bioenergy)
GLOBIOM,SSP3-34,World,2090,,151.4685167,,259.2540454,,EJ/yr,0.58,Internal document,Share = (Energy crops / Solid total bioenergy)
GLOBIOM,SSP3-34,World,2100,,160.7690764,,276.8843864,,EJ/yr,0.58,Internal document,Share = (Energy crops / Solid total bioenergy)
GLOBIOM,SSP3-45,World,2020,,21.17265033,,60.91038833,,EJ/yr,0.35,Internal document,Share = (Energy crops / Solid total bioenergy)
GLOBIOM,SSP3-45,World,2030,,29.21457011,,70.9641886,,EJ/yr,0.41,Internal document,Share = (Energy crops / Solid total bioenergy)
GLOBIOM,SSP3-45,World,2040,,38.87857011,,82.70972401,,EJ/yr,0.47,Internal document,Share = (Energy crops / Solid total bioenergy)
GLOBIOM,SSP3-45,World,2050,,53.44457011,,100.7769806,,EJ/yr,0.53,Internal document,Share = (Energy crops / Solid total bioenergy)
GLOBIOM,SSP3-45,World,2060,,75.36657011,,130.5685296,,EJ/yr,0.58,Internal document,Share = (Energy crops / Solid total bioenergy)
GLOBIOM,SSP3-45,World,2070,,103.446588,,173.7349644,,EJ/yr,0.6,Internal document,Share = (Energy crops / Solid total bioenergy)
GLOBIOM,SSP3-45,World,2080,,125.849588,,209.3472476,,EJ/yr,0.6,Internal document,Share = (Energy crops / Solid total bioenergy)
GLOBIOM,SSP3-45,World,2090,,142.560588,,239.0189869,,EJ/yr,0.6,Internal document,Share = (Energy crops / Solid total bioenergy)
GLOBIOM,SSP3-45,World,2100,,155.1171505,,262.3503165,,EJ/yr,0.59,Internal document,Share = (Energy crops / Solid total bioenergy)
GLOBIOM,SSP3-60,World,2020,,20.22565033,,59.98538833,,EJ/yr,0.34,Internal document,Share = (Energy crops / Solid total bioenergy)
GLOBIOM,SSP3-60,World,2030,,24.47857011,,66.14097896,,EJ/yr,0.37,Internal document,Share = (Energy crops / Solid total bioenergy)
GLOBIOM,SSP3-60,World,2040,,28.40657011,,72.25065863,,EJ/yr,0.39,Internal document,Share = (Energy crops / Solid total bioenergy)
GLOBIOM,SSP3-60,World,2050,,34.54557011,,81.10773408,,EJ/yr,0.43,Internal document,Share = (Energy crops / Solid total bioenergy)
GLOBIOM,SSP3-60,World,2060,,46.95757011,,95.9079738,,EJ/yr,0.49,Internal document,Share = (Energy crops / Solid total bioenergy)
GLOBIOM,SSP3-60,World,2070,,64.37444717,,115.811059,,EJ/yr,0.56,Internal document,Share = (Energy crops / Solid total bioenergy)
GLOBIOM,SSP3-60,World,2080,,83.91345263,,139.9403212,,EJ/yr,0.6,Internal document,Share = (Energy crops / Solid total bioenergy)
GLOBIOM,SSP3-60,World,2090,,105.1154526,,168.7048503,,EJ/yr,0.62,Internal document,Share = (Energy crops / Solid total bioenergy)
GLOBIOM,SSP3-60,World,2100,,125.8406006,,200.6222222,,EJ/yr,0.63,Internal document,Share = (Energy crops / Solid total bioenergy)
GLOBIOM,SSP3-Baseline,World,2020,,17.50665033,,57.26638833,,EJ/yr,0.31,Internal document,Share = (Energy crops / Solid total bioenergy)
GLOBIOM,SSP3-Baseline,World,2030,,20.64757011,,62.29297896,,EJ/yr,0.33,Internal document,Share = (Energy crops / Solid total bioenergy)
GLOBIOM,SSP3-Baseline,World,2040,,23.81457011,,67.66865863,,EJ/yr,0.35,Internal document,Share = (Energy crops / Solid total bioenergy)
GLOBIOM,SSP3-Baseline,World,2050,,27.73857011,,74.26804196,,EJ/yr,0.37,Internal document,Share = (Energy crops / Solid total bioenergy)
GLOBIOM,SSP3-Baseline,World,2060,,32.64457011,,81.60128631,,EJ/yr,0.4,Internal document,Share = (Energy crops / Solid total bioenergy)
GLOBIOM,SSP3-Baseline,World,2070,,37.07244717,,87.88063728,,EJ/yr,0.42,Internal document,Share = (Energy crops / Solid total bioenergy)
GLOBIOM,SSP3-Baseline,World,2080,,48.705064,,101.7348063,,EJ/yr,0.48,Internal document,Share = (Energy crops / Solid total bioenergy)
GLOBIOM,SSP3-Baseline,World,2090,,58.551064,,113.6815994,,EJ/yr,0.52,Internal document,Share = (Energy crops / Solid total bioenergy)
GLOBIOM,SSP3-Baseline,World,2100,,66.17121198,,123.5873344,,EJ/yr,0.54,Internal document,Share = (Energy crops / Solid total bioenergy)
IMAGE,SSP1-19,World,2020,16.14474957,4.31858176,,,,EJ/yr,0.21,Internal document,Share = Energy crops / (Energy crops + Residues)
IMAGE,SSP1-19,World,2030,26.93948006,10.30235034,,,,EJ/yr,0.28,Internal document,Share = Energy crops / (Energy crops + Residues)
IMAGE,SSP1-19,World,2040,58.53847962,33.18240051,,,,EJ/yr,0.36,Internal document,Share = Energy crops / (Energy crops + Residues)
IMAGE,SSP1-19,World,2050,67.66850048,47.52381952,,,,EJ/yr,0.41,Internal document,Share = Energy crops / (Energy crops + Residues)
IMAGE,SSP1-19,World,2060,72.82982093,68.12998042,,,,EJ/yr,0.48,Internal document,Share = Energy crops / (Energy crops + Residues)
IMAGE,SSP1-19,World,2070,73.38903142,101.7292964,,,,EJ/yr,0.58,Internal document,Share = Energy crops / (Energy crops + Residues)
IMAGE,SSP1-19,World,2080,73.69765683,127.7169992,,,,EJ/yr,0.63,Internal document,Share = Energy crops / (Energy crops + Residues)
IMAGE,SSP1-19,World,2090,73.74173798,157.5608975,,,,EJ/yr,0.68,Internal document,Share = Energy crops / (Energy crops + Residues)
IMAGE,SSP1-19,World,2100,74.37774848,181.8034995,,,,EJ/yr,0.71,Internal document,Share = Energy crops / (Energy crops + Residues)
IMAGE,SSP1-26,World,2020,15.71731046,4.322168832,,,,EJ/yr,0.22,Internal document,Share = Energy crops / (Energy crops + Residues)
IMAGE,SSP1-26,World,2030,21.60138035,8.096967168,,,,EJ/yr,0.27,Internal document,Share = Energy crops / (Energy crops + Residues)
IMAGE,SSP1-26,World,2040,35.81166797,15.6032297,,,,EJ/yr,0.3,Internal document,Share = Energy crops / (Energy crops + Residues)
IMAGE,SSP1-26,World,2050,52.03193037,22.12781056,,,,EJ/yr,0.3,Internal document,Share = Energy crops / (Energy crops + Residues)
IMAGE,SSP1-26,World,2060,64.90123059,44.24182989,,,,EJ/yr,0.41,Internal document,Share = Energy crops / (Energy crops + Residues)
IMAGE,SSP1-26,World,2070,70.25115136,75.33092864,,,,EJ/yr,0.52,Internal document,Share = Energy crops / (Energy crops + Residues)
IMAGE,SSP1-26,World,2080,73.2708864,122.5183969,,,,EJ/yr,0.63,Internal document,Share = Energy crops / (Energy crops + Residues)
IMAGE,SSP1-26,World,2090,73.64241818,162.3184998,,,,EJ/yr,0.69,Internal document,Share = Energy crops / (Energy crops + Residues)
IMAGE,SSP1-26,World,2100,71.54874778,152.1006019,,,,EJ/yr,0.68,Internal document,Share = Energy crops / (Energy crops + Residues)
IMAGE,SSP1-34,World,2020,16.34358989,4.633619968,,,,EJ/yr,0.22,Internal document,Share = Energy crops / (Energy crops + Residues)
IMAGE,SSP1-34,World,2030,21.79591987,9.889087488,,,,EJ/yr,0.31,Internal document,Share = Energy crops / (Energy crops + Residues)
IMAGE,SSP1-34,World,2040,33.71785011,15.80315034,,,,EJ/yr,0.32,Internal document,Share = Energy crops / (Energy crops + Residues)
IMAGE,SSP1-34,World,2050,40.60578202,21.00748083,,,,EJ/yr,0.34,Internal document,Share = Energy crops / (Energy crops + Residues)
IMAGE,SSP1-34,World,2060,46.0407808,31.89080064,,,,EJ/yr,0.41,Internal document,Share = Energy crops / (Energy crops + Residues)
IMAGE,SSP1-34,World,2070,51.96578816,48.31069798,,,,EJ/yr,0.48,Internal document,Share = Energy crops / (Energy crops + Residues)
IMAGE,SSP1-34,World,2080,63.81656064,79.19448064,,,,EJ/yr,0.55,Internal document,Share = Energy crops / (Energy crops + Residues)
IMAGE,SSP1-34,World,2090,74.70953267,142.000898,,,,EJ/yr,0.66,Internal document,Share = Energy crops / (Energy crops + Residues)
IMAGE,SSP1-34,World,2100,73.42120141,174.3866921,,,,EJ/yr,0.7,Internal document,Share = Energy crops / (Energy crops + Residues)
IMAGE,SSP1-45,World,2020,16.43299021,5.113380864,,,,EJ/yr,0.24,Internal document,Share = Energy crops / (Energy crops + Residues)
IMAGE,SSP1-45,World,2030,19.40501094,11.43324979,,,,EJ/yr,0.37,Internal document,Share = Energy crops / (Energy crops + Residues)
IMAGE,SSP1-45,World,2040,31.91391027,18.40504013,,,,EJ/yr,0.37,Internal document,Share = Energy crops / (Energy crops + Residues)
IMAGE,SSP1-45,World,2050,42.90220851,23.29868083,,,,EJ/yr,0.35,Internal document,Share = Energy crops / (Energy crops + Residues)
IMAGE,SSP1-45,World,2060,45.64763853,32.99965952,,,,EJ/yr,0.42,Internal document,Share = Energy crops / (Energy crops + Residues)
IMAGE,SSP1-45,World,2070,48.96867942,47.33942989,,,,EJ/yr,0.49,Internal document,Share = Energy crops / (Energy crops + Residues)
IMAGE,SSP1-45,World,2080,49.77783194,69.28428237,,,,EJ/yr,0.58,Internal document,Share = Energy crops / (Energy crops + Residues)
IMAGE,SSP1-45,World,2090,55.43949107,84.66436096,,,,EJ/yr,0.6,Internal document,Share = Energy crops / (Energy crops + Residues)
IMAGE,SSP1-45,World,2100,63.1931904,96.30929715,,,,EJ/yr,0.6,Internal document,Share = Energy crops / (Energy crops + Residues)
IMAGE,SSP1-Baseline,World,2020,16.54619034,4.980168192,,,,EJ/yr,0.23,Internal document,Share = Energy crops / (Energy crops + Residues)
IMAGE,SSP1-Baseline,World,2030,22.51285914,11.72772966,,,,EJ/yr,0.34,Internal document,Share = Energy crops / (Energy crops + Residues)
IMAGE,SSP1-Baseline,World,2040,33.61119027,18.79703962,,,,EJ/yr,0.36,Internal document,Share = Energy crops / (Energy crops + Residues)
IMAGE,SSP1-Baseline,World,2050,41.01496013,22.57815962,,,,EJ/yr,0.36,Internal document,Share = Energy crops / (Energy crops + Residues)
IMAGE,SSP1-Baseline,World,2060,46.01319014,31.13460941,,,,EJ/yr,0.4,Internal document,Share = Energy crops / (Energy crops + Residues)
IMAGE,SSP1-Baseline,World,2070,50.57880064,45.86133914,,,,EJ/yr,0.48,Internal document,Share = Energy crops / (Energy crops + Residues)
IMAGE,SSP1-Baseline,World,2080,52.89684992,66.47903846,,,,EJ/yr,0.56,Internal document,Share = Energy crops / (Energy crops + Residues)
IMAGE,SSP1-Baseline,World,2090,52.15336858,80.49378918,,,,EJ/yr,0.61,Internal document,Share = Energy crops / (Energy crops + Residues)
IMAGE,SSP1-Baseline,World,2100,51.20278118,81.21760973,,,,EJ/yr,0.61,Internal document,Share = Energy crops / (Energy crops + Residues)
IMAGE,SSP2-19,World,2020,19.12767078,5.36212992,,,,EJ/yr,0.22,Internal document,Share = Energy crops / (Energy crops + Residues)
IMAGE,SSP2-19,World,2030,34.88482918,18.62368051,,,,EJ/yr,0.35,Internal document,Share = Energy crops / (Energy crops + Residues)
IMAGE,SSP2-19,World,2040,55.93924813,23.7906391,,,,EJ/yr,0.3,Internal document,Share = Energy crops / (Energy crops + Residues)
IMAGE,SSP2-19,World,2050,63.53996186,30.86128947,,,,EJ/yr,0.33,Internal document,Share = Energy crops / (Energy crops + Residues)
IMAGE,SSP2-19,World,2060,78.54106214,39.62474086,,,,EJ/yr,0.34,Internal document,Share = Energy crops / (Energy crops + Residues)
IMAGE,SSP2-19,World,2070,83.26470042,45.97225882,,,,EJ/yr,0.36,Internal document,Share = Energy crops / (Energy crops + Residues)
IMAGE,SSP2-19,World,2080,81.22191872,54.90622054,,,,EJ/yr,0.4,Internal document,Share = Energy crops / (Energy crops + Residues)
IMAGE,SSP2-19,World,2090,83.54128691,59.87695002,,,,EJ/yr,0.42,Internal document,Share = Energy crops / (Energy crops + Residues)
IMAGE,SSP2-19,World,2100,89.46379981,62.47985152,,,,EJ/yr,0.41,Internal document,Share = Energy crops / (Energy crops + Residues)
IMAGE,SSP2-26,World,2020,19.31157914,6.958273024,,,,EJ/yr,0.26,Internal document,Share = Energy crops / (Energy crops + Residues)
IMAGE,SSP2-26,World,2030,28.13800038,21.11610061,,,,EJ/yr,0.43,Internal document,Share = Energy crops / (Energy crops + Residues)
IMAGE,SSP2-26,World,2040,59.71419136,43.13720013,,,,EJ/yr,0.42,Internal document,Share = Energy crops / (Energy crops + Residues)
IMAGE,SSP2-26,World,2050,65.73604864,41.21217024,,,,EJ/yr,0.39,Internal document,Share = Energy crops / (Energy crops + Residues)
IMAGE,SSP2-26,World,2060,71.53499341,48.21592064,,,,EJ/yr,0.4,Internal document,Share = Energy crops / (Energy crops + Residues)
IMAGE,SSP2-26,World,2070,75.16527821,48.49691853,,,,EJ/yr,0.39,Internal document,Share = Energy crops / (Energy crops + Residues)
IMAGE,SSP2-26,World,2080,80.23369318,65.00356096,,,,EJ/yr,0.45,Internal document,Share = Energy crops / (Energy crops + Residues)
IMAGE,SSP2-26,World,2090,76.36138394,71.0124585,,,,EJ/yr,0.48,Internal document,Share = Energy crops / (Energy crops + Residues)
IMAGE,SSP2-26,World,2100,79.49020365,74.90504294,,,,EJ/yr,0.49,Internal document,Share = Energy crops / (Energy crops + Residues)
IMAGE,SSP2-34,World,2020,16.84575027,6.971887104,,,,EJ/yr,0.29,Internal document,Share = Energy crops / (Energy crops + Residues)
IMAGE,SSP2-34,World,2030,19.71769958,20.95356928,,,,EJ/yr,0.52,Internal document,Share = Energy crops / (Energy crops + Residues)
IMAGE,SSP2-34,World,2040,22.35032986,41.12209101,,,,EJ/yr,0.65,Internal document,Share = Energy crops / (Energy crops + Residues)
IMAGE,SSP2-34,World,2050,37.786112,46.86646067,,,,EJ/yr,0.55,Internal document,Share = Energy crops / (Energy crops + Residues)
IMAGE,SSP2-34,World,2060,57.09151846,44.17522074,,,,EJ/yr,0.44,Internal document,Share = Energy crops / (Energy crops + Residues)
IMAGE,SSP2-34,World,2070,66.40318054,49.16235059,,,,EJ/yr,0.43,Internal document,Share = Energy crops / (Energy crops + Residues)
IMAGE,SSP2-34,World,2080,76.89913139,64.40230093,,,,EJ/yr,0.46,Internal document,Share = Energy crops / (Energy crops + Residues)
IMAGE,SSP2-34,World,2090,76.64037888,70.82837606,,,,EJ/yr,0.48,Internal document,Share = Energy crops / (Energy crops + Residues)
IMAGE,SSP2-34,World,2100,80.62512333,85.45938637,,,,EJ/yr,0.51,Internal document,Share = Energy crops / (Energy crops + Residues)
IMAGE,SSP2-45,World,2020,16.10595021,7.082781184,,,,EJ/yr,0.31,Internal document,Share = Energy crops / (Energy crops + Residues)
IMAGE,SSP2-45,World,2030,15.16132045,19.2209408,,,,EJ/yr,0.56,Internal document,Share = Energy crops / (Energy crops + Residues)
IMAGE,SSP2-45,World,2040,24.64237978,37.68120934,,,,EJ/yr,0.6,Internal document,Share = Energy crops / (Energy crops + Residues)
IMAGE,SSP2-45,World,2050,35.19918899,44.2367017,,,,EJ/yr,0.56,Internal document,Share = Energy crops / (Energy crops + Residues)
IMAGE,SSP2-45,World,2060,35.05689805,39.66028186,,,,EJ/yr,0.53,Internal document,Share = Energy crops / (Energy crops + Residues)
IMAGE,SSP2-45,World,2070,41.37986048,39.91454925,,,,EJ/yr,0.49,Internal document,Share = Energy crops / (Energy crops + Residues)
IMAGE,SSP2-45,World,2080,57.33992858,45.87452006,,,,EJ/yr,0.44,Internal document,Share = Energy crops / (Energy crops + Residues)
IMAGE,SSP2-45,World,2090,78.46877594,64.95995085,,,,EJ/yr,0.45,Internal document,Share = Energy crops / (Energy crops + Residues)
IMAGE,SSP2-45,World,2100,76.29453722,61.36190976,,,,EJ/yr,0.45,Internal document,Share = Energy crops / (Energy crops + Residues)
IMAGE,SSP2-60,World,2020,15.96200038,7.083964928,,,,EJ/yr,0.31,Internal document,Share = Energy crops / (Energy crops + Residues)
IMAGE,SSP2-60,World,2030,14.18659021,18.95734067,,,,EJ/yr,0.57,Internal document,Share = Energy crops / (Energy crops + Residues)
IMAGE,SSP2-60,World,2040,22.08659046,37.11265997,,,,EJ/yr,0.63,Internal document,Share = Energy crops / (Energy crops + Residues)
IMAGE,SSP2-60,World,2050,31.39999949,43.2845783,,,,EJ/yr,0.58,Internal document,Share = Energy crops / (Energy crops + Residues)
IMAGE,SSP2-60,World,2060,30.24234086,37.68247091,,,,EJ/yr,0.55,Internal document,Share = Energy crops / (Energy crops + Residues)
IMAGE,SSP2-60,World,2070,37.69749914,39.26734848,,,,EJ/yr,0.51,Internal document,Share = Energy crops / (Energy crops + Residues)
IMAGE,SSP2-60,World,2080,45.87911168,43.04653926,,,,EJ/yr,0.48,Internal document,Share = Energy crops / (Energy crops + Residues)
IMAGE,SSP2-60,World,2090,55.23012813,46.25999053,,,,EJ/yr,0.46,Internal document,Share = Energy crops / (Energy crops + Residues)
IMAGE,SSP2-60,World,2100,65.19608115,48.97490944,,,,EJ/yr,0.43,Internal document,Share = Energy crops / (Energy crops + Residues)
IMAGE,SSP2-Baseline,World,2020,16.0627497,7.010013184,,,,EJ/yr,0.3,Internal document,Share = Energy crops / (Energy crops + Residues)
IMAGE,SSP2-Baseline,World,2030,13.97758976,18.75311002,,,,EJ/yr,0.57,Internal document,Share = Energy crops / (Energy crops + Residues)
IMAGE,SSP2-Baseline,World,2040,21.79991962,37.08807987,,,,EJ/yr,0.63,Internal document,Share = Energy crops / (Energy crops + Residues)
IMAGE,SSP2-Baseline,World,2050,30.36961997,43.34825882,,,,EJ/yr,0.59,Internal document,Share = Energy crops / (Energy crops + Residues)
IMAGE,SSP2-Baseline,World,2060,28.66160026,37.78025062,,,,EJ/yr,0.57,Internal document,Share = Energy crops / (Energy crops + Residues)
IMAGE,SSP2-Baseline,World,2070,35.43560192,38.57308058,,,,EJ/yr,0.52,Internal document,Share = Energy crops / (Energy crops + Residues)
IMAGE,SSP2-Baseline,World,2080,42.86137958,42.46969139,,,,EJ/yr,0.5,Internal document,Share = Energy crops / (Energy crops + Residues)
IMAGE,SSP2-Baseline,World,2090,50.32357069,44.02042061,,,,EJ/yr,0.47,Internal document,Share = Energy crops / (Energy crops + Residues)
IMAGE,SSP2-Baseline,World,2100,58.56090931,45.6349696,,,,EJ/yr,0.44,Internal document,Share = Energy crops / (Energy crops + Residues)
IMAGE,SSP3-34,World,2020,14.46876979,7.132431872,,,,EJ/yr,0.33,Internal document,Share = Energy crops / (Energy crops + Residues)
IMAGE,SSP3-34,World,2030,17.66994944,17.03489024,,,,EJ/yr,0.49,Internal document,Share = Energy crops / (Energy crops + Residues)
IMAGE,SSP3-34,World,2040,30.46867968,37.31537101,,,,EJ/yr,0.55,Internal document,Share = Energy crops / (Energy crops + Residues)
IMAGE,SSP3-34,World,2050,64.3057705,49.94374042,,,,EJ/yr,0.44,Internal document,Share = Energy crops / (Energy crops + Residues)
IMAGE,SSP3-34,World,2060,79.19973171,42.39808102,,,,EJ/yr,0.35,Internal document,Share = Energy crops / (Energy crops + Residues)
IMAGE,SSP3-34,World,2070,95.81586842,29.16827955,,,,EJ/yr,0.23,Internal document,Share = Energy crops / (Energy crops + Residues)
IMAGE,SSP3-34,World,2080,98.1704704,21.18038938,,,,EJ/yr,0.18,Internal document,Share = Energy crops / (Energy crops + Residues)
IMAGE,SSP3-34,World,2090,73.39997594,34.02875085,,,,EJ/yr,0.32,Internal document,Share = Energy crops / (Energy crops + Residues)
IMAGE,SSP3-34,World,2100,75.35530803,44.47073894,,,,EJ/yr,0.37,Internal document,Share = Energy crops / (Energy crops + Residues)
IMAGE,SSP3-45,World,2020,14.20340019,6.987482112,,,,EJ/yr,0.33,Internal document,Share = Energy crops / (Energy crops + Residues)
IMAGE,SSP3-45,World,2030,13.10046003,16.59892019,,,,EJ/yr,0.56,Internal document,Share = Energy crops / (Energy crops + Residues)
IMAGE,SSP3-45,World,2040,22.96665088,30.23029043,,,,EJ/yr,0.57,Internal document,Share = Energy crops / (Energy crops + Residues)
IMAGE,SSP3-45,World,2050,35.2331817,35.61728819,,,,EJ/yr,0.5,Internal document,Share = Energy crops / (Energy crops + Residues)
IMAGE,SSP3-45,World,2060,36.25159066,28.72425062,,,,EJ/yr,0.44,Internal document,Share = Energy crops / (Energy crops + Residues)
IMAGE,SSP3-45,World,2070,38.79068058,23.72425933,,,,EJ/yr,0.38,Internal document,Share = Energy crops / (Energy crops + Residues)
IMAGE,SSP3-45,World,2080,51.81344973,27.32905062,,,,EJ/yr,0.35,Internal document,Share = Energy crops / (Energy crops + Residues)
IMAGE,SSP3-45,World,2090,74.49723699,37.40275917,,,,EJ/yr,0.33,Internal document,Share = Energy crops / (Energy crops + Residues)
IMAGE,SSP3-45,World,2100,75.96340838,34.60365926,,,,EJ/yr,0.31,Internal document,Share = Energy crops / (Energy crops + Residues)
IMAGE,SSP3-60,World,2020,14.0938199,6.868809216,,,,EJ/yr,0.33,Internal document,Share = Energy crops / (Energy crops + Residues)
IMAGE,SSP3-60,World,2030,10.60674048,16.00952013,,,,EJ/yr,0.6,Internal document,Share = Energy crops / (Energy crops + Residues)
IMAGE,SSP3-60,World,2040,16.07946035,29.55032986,,,,EJ/yr,0.65,Internal document,Share = Energy crops / (Energy crops + Residues)
IMAGE,SSP3-60,World,2050,24.28111053,34.63142195,,,,EJ/yr,0.59,Internal document,Share = Energy crops / (Energy crops + Residues)
IMAGE,SSP3-60,World,2060,26.24849101,27.51612928,,,,EJ/yr,0.51,Internal document,Share = Energy crops / (Energy crops + Residues)
IMAGE,SSP3-60,World,2070,32.90175078,21.23036058,,,,EJ/yr,0.39,Internal document,Share = Energy crops / (Energy crops + Residues)
IMAGE,SSP3-60,World,2080,39.04670106,24.97989018,,,,EJ/yr,0.39,Internal document,Share = Energy crops / (Energy crops + Residues)
IMAGE,SSP3-60,World,2090,42.10454938,28.22718054,,,,EJ/yr,0.4,Internal document,Share = Energy crops / (Energy crops + Residues)
IMAGE,SSP3-60,World,2100,46.96358912,30.63713997,,,,EJ/yr,0.39,Internal document,Share = Energy crops / (Energy crops + Residues)
IMAGE,SSP3-Baseline,World,2020,14.15565005,6.955634176,,,,EJ/yr,0.33,Internal document,Share = Energy crops / (Energy crops + Residues)
IMAGE,SSP3-Baseline,World,2030,10.50209997,16.75889971,,,,EJ/yr,0.61,Internal document,Share = Energy crops / (Energy crops + Residues)
IMAGE,SSP3-Baseline,World,2040,15.06771046,33.27916032,,,,EJ/yr,0.69,Internal document,Share = Energy crops / (Energy crops + Residues)
IMAGE,SSP3-Baseline,World,2050,21.9784704,45.52194867,,,,EJ/yr,0.67,Internal document,Share = Energy crops / (Energy crops + Residues)
IMAGE,SSP3-Baseline,World,2060,23.1005696,41.4781399,,,,EJ/yr,0.64,Internal document,Share = Energy crops / (Energy crops + Residues)
IMAGE,SSP3-Baseline,World,2070,27.94318029,33.2074496,,,,EJ/yr,0.54,Internal document,Share = Energy crops / (Energy crops + Residues)
IMAGE,SSP3-Baseline,World,2080,31.72681933,32.41121997,,,,EJ/yr,0.51,Internal document,Share = Energy crops / (Energy crops + Residues)
IMAGE,SSP3-Baseline,World,2090,32.86051021,38.336,,,,EJ/yr,0.54,Internal document,Share = Energy crops / (Energy crops + Residues)
IMAGE,SSP3-Baseline,World,2100,37.53003008,40.84903936,,,,EJ/yr,0.52,Internal document,Share = Energy crops / (Energy crops + Residues)